,NREMPercTST,REMPercTST,SleepEfficiency
IntracranialHemorrhage,0.58125532226958,0.58125532226958,0.5908549466604366
IschemicStroke,0.5689392443373881,0.5689392443373881,0.5834469461133076
Dementia,0.5866402239850677,0.5866402239850677,0.6022942483048866
MCI+Dementia,0.5824611430451446,0.5824611430451447,0.6083600913096253
Atrial_Fibrillation,,,
Myocardial_Infarction,,,
DiabetesII,,,
Hypertension,,,
Bipolar_Disorder,,,
Depression,,,
Death,,,
